id,user,query,time
rajendra,refresh data,2026-06-18 23:16:57
rajendra,liat database,2026-06-18 23:17:11
rajendra,halo,2026-06-18 23:51:55
rajendra,selamat malam,2026-06-18 23:52:29
rajendra,lihat database,2026-06-20 15:39:48
rajendra,cari lagu beauty and a beat spotify,2026-06-20 15:40:48
rajendra,youtube,2026-06-20 16:32:40
rajendra,lihat database,2026-06-20 16:34:24
rajendra,google,2026-06-20 16:37:57
rajendra,instagram,2026-06-20 16:38:43
rajendra,cari ai scholar,2026-06-20 16:39:26
rajendra,roblox,2026-06-20 16:40:04
rajendra,cari template ppt canva,2026-06-20 16:40:57
rajendra,wa,2026-06-20 16:43:33
rajendra,wa,2026-06-20 16:43:55
rajendra,boc,2026-06-20 16:44:50
rajendra,lihat database,2026-06-20 16:45:07
rajendra,kamera,2026-06-20 16:46:13
rajendra, add 1,2026-06-20 16:46:28
rajendra,tambah 1,2026-06-20 16:46:46
rajendra,kurang 1,2026-06-20 16:47:04
rajendra,waktu,2026-06-20 16:47:56
rajendra,browser,2026-06-20 16:48:20
rajendra,lihat database,2026-06-20 16:48:44
rajendra,lihat database,2026-06-20 16:59:48
rajendra,lihat database,2026-06-20 17:02:05
